question,tags
What factors influence health insurance premiums?,insurance
How does the no-claims bonus work in car insurance?,insurance
What types of coverage are essential in a homeowners insurance policy?,insurance
How can one lower their life insurance premiums?,insurance 
What are the key differences between term life and whole life insurance?,insurance
Is it necessary to have renter's insurance?,insurance 
What factors affect the cost of business insurance?,insurance
How does insurance protect against cyber threats?,insurance
What is umbrella insurance,insurance     
How does the deductible work in an insurance policy?,insurance
Can you explain the concept of co-insurance in health insurance?,insurance
How do insurance companies assess risk in underwriting?,insurance
What is the importance of having professional liability insurance for businesses?,insurance
How does travel insurance work,insurance
What are the key considerations when choosing an insurance broker?,insurance
How does home insurance cover natural disasters?,insurance
What is the role of reinsurance in the insurance industry?,insurance
How does no-fault auto insurance differ from traditional auto insurance?,insurance
What are the benefits of having pet insurance?,insurance
How can one obtain affordable health insurance as a freelancer?,insurance
What are the latest trends in civil engineering? ,engineering
How does artificial intelligence impact the field of mechanical engineering? ,engineering
What are the key principles behind sustainable design in architecture? ,engineering
How can chemical engineers contribute to environmental conservation? ,engineering
Explain the role of machine learning in electrical power systems. ,engineering
What are the challenges in aerospace engineering for the next decade? ,engineering
How does 3D printing revolutionize manufacturing processes? ,engineering
What are the advancements in materials engineering for renewable energy applications? ,engineering
How can civil engineers contribute to disaster resilience in urban planning? ,engineering
Explain the impact of robotics on the future of industrial engineering. ,engineering
What are the emerging technologies in the field of computer engineering? ,engineering
How does structural engineering play a role in sustainable infrastructure development? ,engineering
What are the challenges in designing efficient transportation systems? ,engineering
Explain the principles of bioengineering and its applications in medicine. ,engineering
How can environmental engineers address water scarcity issues globally? ,engineering
What are the key considerations in designing smart cities from a civil engineering perspective? ,engineering
How does nuclear engineering contribute to clean energy production? ,engineering
What are the innovations in materials science for electronic devices? ,engineering
How can software engineers contribute to the development of autonomous vehicles? ,engineering
Explain the role of control systems in aerospace engineering. ,engineering
How does machine learning contribute to predictive analytics in business? ,data-science
What are the best practices for data cleaning and preprocessing in data science? ,data-science
How does data visualization enhance data analysis in data science? ,data-science
What are the challenges in implementing big data solutions for enterprise-level analytics? ,data-science
Explain the role of natural language processing (NLP) in text mining and sentiment analysis. ,data-science
How can data science be applied in healthcare for better patient outcomes? ,data-science
What are the ethical considerations in handling and analyzing large datasets? ,data-science
How does feature engineering impact the performance of machine learning models? ,data-science
What are the key steps in building a recommendation system for e-commerce platforms? ,data-science
How does deep learning revolutionize image recognition in computer vision? ,data-science
What is the significance of A/B testing in data-driven decision-making? ,data-science
Explain the concept of unsupervised learning and its applications in data science. ,data-science
How can data scientists leverage cloud computing for scalable data analysis? ,data-science
What are the key considerations in building a successful data science team? ,data-science
How does time series analysis contribute to forecasting in data science? ,data-science
What are the emerging trends in data science and artificial intelligence? ,data-science
Explain the principles of feature selection in machine learning and its impact on model performance. ,data-science
How can data science be applied in finance for risk management and fraud detection? ,data-science
What are the essential programming languages for data scientists to learn? ,data-science
What are the key factors influencing stock market trends? ,stock-market
How does fundamental analysis contribute to stock market investment decisions? ,stock-market
What are the best strategies for day trading in the stock market? ,stock-market
How can beginners start investing in the stock market? ,stock-market
Explain the role of technical analysis in predicting stock price movements. ,stock-market
What are the risks and rewards of investing in penny stocks? ,stock-market
How does market sentiment impact stock prices? ,stock-market
What are the key indicators of a potential stock market crash? ,stock-market
How does algorithmic trading work in the stock market? ,stock-market
What are the factors affecting stock market volatility? ,stock-market
Explain the concept of short selling and its implications in the stock market. ,stock-market
How can investors analyze financial statements for stock market investment? ,stock-market
What are the differences between bull and bear markets in the stock market? ,stock-market
How does dividend investing work, and what are its advantages? 
What is the impact of economic indicators on stock market performance? ,stock-market
What are the key considerations when building a diversified stock portfolio? ,stock-market
How does geopolitical events influence global stock markets? ,stock-market
What are the common mistakes to avoid in stock market trading? ,stock-market
How can investors use options trading strategies in the stock market? ,stock-market
Explain the concept of value investing and its principles in the stock market. ,stock-market
How does 5G technology impact mobile communication? ,mobile-technology
What are the key features to consider when buying a new smartphone? ,mobile-technology
How does mobile app development contribute to technological advancements? ,mobile-technology
What are the security challenges in mobile banking applications? ,mobile-technology
Explain the differences between iOS and Android operating systems. ,mobile-technology
How can mobile technology enhance educational experiences? ,mobile-technology
What are the potential applications of augmented reality in mobile devices? ,mobile-technology
How does mobile gaming contribute to the entertainment industry? ,mobile-technology
What are the environmental impacts of mobile device production and disposal? ,mobile-technology
Explain the concept of mobile payment systems and their advantages. ,mobile-technology
What are the key considerations for optimizing mobile websites? ,mobile-technology
How does mobile technology contribute to healthcare solutions? ,mobile-technology
What are the challenges in implementing mobile-first design strategies? ,mobile-technology
How can mobile applications enhance productivity in the business sector? ,mobile-technology
What are the privacy concerns related to mobile location tracking? ,mobile-technology
How does mobile technology impact social interactions and relationships? ,mobile-technology
What are the advancements in mobile camera technology? ,mobile-technology
How can mobile devices be used for environmental monitoring and conservation? ,mobile-technology
What are the future possibilities of wearable technology in the mobile industry? ,mobile-technology
